{
  "token_acc":1.0,
  "token_p":1.0,
  "token_r":1.0,
  "token_f":1.0,
  "ents_p":0.7251461988,
  "ents_r":0.6541070083,
  "ents_f":0.6877971474,
  "ents_per_type":{
    "PERSON":{
      "p":0.6666666667,
      "r":0.7120418848,
      "f":0.6886075949
    },
    "NORP":{
      "p":0.7297297297,
      "r":0.6585365854,
      "f":0.6923076923
    },
    "CARDINAL":{
      "p":0.7942857143,
      "r":0.8273809524,
      "f":0.8104956268
    },
    "QUANTITY":{
      "p":0.6551724138,
      "r":0.6785714286,
      "f":0.6666666667
    },
    "FACILITY":{
      "p":0.3333333333,
      "r":0.12,
      "f":0.1764705882
    },
    "TIME":{
      "p":0.6875,
      "r":0.6111111111,
      "f":0.6470588235
    },
    "WORK OF ART":{
      "p":0.5625,
      "r":0.2368421053,
      "f":0.3333333333
    },
    "ORGANIZATION":{
      "p":0.6638655462,
      "r":0.6345381526,
      "f":0.6488706366
    },
    "DATE":{
      "p":0.7709497207,
      "r":0.7582417582,
      "f":0.7645429363
    },
    "ORDINAL":{
      "p":0.6,
      "r":0.2727272727,
      "f":0.375
    },
    "GPE":{
      "p":0.7931034483,
      "r":0.6814814815,
      "f":0.7330677291
    },
    "MONEY":{
      "p":0.9295774648,
      "r":0.9166666667,
      "f":0.9230769231
    },
    "PRODUCT":{
      "p":0.6046511628,
      "r":0.4561403509,
      "f":0.52
    },
    "LOCATION":{
      "p":0.52,
      "r":0.2826086957,
      "f":0.3661971831
    },
    "EVENT":{
      "p":0.8571428571,
      "r":0.3157894737,
      "f":0.4615384615
    },
    "LAW":{
      "p":0.5555555556,
      "r":0.2941176471,
      "f":0.3846153846
    },
    "PERCENT":{
      "p":0.9285714286,
      "r":1.0,
      "f":0.962962963
    },
    "LANGUAGE":{
      "p":1.0,
      "r":0.2352941176,
      "f":0.380952381
    }
  },
  "speed":14781.98373166
}