{
  "token_acc":1.0,
  "token_p":1.0,
  "token_r":1.0,
  "token_f":1.0,
  "ents_p":0.7182539683,
  "ents_r":0.6819894499,
  "ents_f":0.6996521067,
  "ents_per_type":{
    "PERSON":{
      "p":0.7106598985,
      "r":0.7329842932,
      "f":0.7216494845
    },
    "NORP":{
      "p":0.6756756757,
      "r":0.6097560976,
      "f":0.641025641
    },
    "CARDINAL":{
      "p":0.7954545455,
      "r":0.8333333333,
      "f":0.8139534884
    },
    "QUANTITY":{
      "p":0.5945945946,
      "r":0.7857142857,
      "f":0.6769230769
    },
    "FACILITY":{
      "p":0.4074074074,
      "r":0.44,
      "f":0.4230769231
    },
    "TIME":{
      "p":0.75,
      "r":0.6666666667,
      "f":0.7058823529
    },
    "ORGANIZATION":{
      "p":0.75,
      "r":0.6144578313,
      "f":0.6754966887
    },
    "DATE":{
      "p":0.7527472527,
      "r":0.7527472527,
      "f":0.7527472527
    },
    "ORDINAL":{
      "p":0.6,
      "r":0.8181818182,
      "f":0.6923076923
    },
    "GPE":{
      "p":0.7906976744,
      "r":0.7555555556,
      "f":0.7727272727
    },
    "MONEY":{
      "p":0.9552238806,
      "r":0.8888888889,
      "f":0.9208633094
    },
    "WORK OF ART":{
      "p":0.3548387097,
      "r":0.2894736842,
      "f":0.3188405797
    },
    "PRODUCT":{
      "p":0.4090909091,
      "r":0.4736842105,
      "f":0.4390243902
    },
    "LOCATION":{
      "p":0.6052631579,
      "r":0.5,
      "f":0.5476190476
    },
    "EVENT":{
      "p":0.6363636364,
      "r":0.3684210526,
      "f":0.4666666667
    },
    "LAW":{
      "p":0.5454545455,
      "r":0.3529411765,
      "f":0.4285714286
    },
    "PERCENT":{
      "p":1.0,
      "r":1.0,
      "f":1.0
    },
    "LANGUAGE":{
      "p":1.0,
      "r":0.1764705882,
      "f":0.3
    }
  },
  "speed":14624.1322613496
}